"Variant","Round","Task","Value"
"original","0","engine_bytes","32"
"original","0","dice_ns","3.169"
"original","0","real_ns","0.966"
"original","0","normal_ns","20.248"
"original","0","shuffle_ns","1262.41"
"original","0","sample_ns","5519"
"inline_wrapper","0","engine_bytes","32"
"inline_wrapper","0","dice_ns","1.105"
"inline_wrapper","0","real_ns","0.971"
"inline_wrapper","0","normal_ns","20.169"
"inline_wrapper","0","shuffle_ns","1270.05"
"inline_wrapper","0","sample_ns","7249"
"outlined_init","0","engine_bytes","32"
"outlined_init","0","dice_ns","1.108"
"outlined_init","0","real_ns","0.979"
"outlined_init","0","normal_ns","19.663"
"outlined_init","0","shuffle_ns","1053.16"
"outlined_init","0","sample_ns","8385"
"other_static","0","engine_bytes","2504"
"other_static","0","dice_ns","2.004"
"other_static","0","real_ns","8.055"
"other_static","0","normal_ns","32.484"
"other_static","0","shuffle_ns","2141.51"
"other_static","0","sample_ns","1850415"
"inline_wrapper","1","engine_bytes","32"
"inline_wrapper","1","dice_ns","1.116"
"inline_wrapper","1","real_ns","0.971"
"inline_wrapper","1","normal_ns","19.636"
"inline_wrapper","1","shuffle_ns","1251.17"
"inline_wrapper","1","sample_ns","6048"
"outlined_init","1","engine_bytes","32"
"outlined_init","1","dice_ns","1.144"
"outlined_init","1","real_ns","0.968"
"outlined_init","1","normal_ns","20.255"
"outlined_init","1","shuffle_ns","1011.08"
"outlined_init","1","sample_ns","6064"
"other_static","1","engine_bytes","2504"
"other_static","1","dice_ns","1.926"
"other_static","1","real_ns","7.987"
"other_static","1","normal_ns","31.853"
"other_static","1","shuffle_ns","2146.58"
"other_static","1","sample_ns","1842793"
"original","1","engine_bytes","32"
"original","1","dice_ns","3.206"
"original","1","real_ns","0.97"
"original","1","normal_ns","19.749"
"original","1","shuffle_ns","1402.99"
"original","1","sample_ns","5783"
"outlined_init","2","engine_bytes","32"
"outlined_init","2","dice_ns","1.179"
"outlined_init","2","real_ns","0.969"
"outlined_init","2","normal_ns","19.645"
"outlined_init","2","shuffle_ns","1006.05"
"outlined_init","2","sample_ns","6452"
"other_static","2","engine_bytes","2504"
"other_static","2","dice_ns","1.956"
"other_static","2","real_ns","7.929"
"other_static","2","normal_ns","32.382"
"other_static","2","shuffle_ns","2166.18"
"other_static","2","sample_ns","1906377"
"original","2","engine_bytes","32"
"original","2","dice_ns","3.217"
"original","2","real_ns","0.978"
"original","2","normal_ns","20.361"
"original","2","shuffle_ns","1264.49"
"original","2","sample_ns","6049"
"inline_wrapper","2","engine_bytes","32"
"inline_wrapper","2","dice_ns","1.098"
"inline_wrapper","2","real_ns","0.985"
"inline_wrapper","2","normal_ns","19.573"
"inline_wrapper","2","shuffle_ns","1286.65"
"inline_wrapper","2","sample_ns","6140"
"other_static","3","engine_bytes","2504"
"other_static","3","dice_ns","1.888"
"other_static","3","real_ns","7.941"
"other_static","3","normal_ns","32.098"
"other_static","3","shuffle_ns","2121.3"
"other_static","3","sample_ns","1842647"
"original","3","engine_bytes","32"
"original","3","dice_ns","3.128"
"original","3","real_ns","0.974"
"original","3","normal_ns","19.611"
"original","3","shuffle_ns","1325.12"
"original","3","sample_ns","6185"
"inline_wrapper","3","engine_bytes","32"
"inline_wrapper","3","dice_ns","1.097"
"inline_wrapper","3","real_ns","0.972"
"inline_wrapper","3","normal_ns","19.5"
"inline_wrapper","3","shuffle_ns","1267.57"
"inline_wrapper","3","sample_ns","5750"
"outlined_init","3","engine_bytes","32"
"outlined_init","3","dice_ns","1.095"
"outlined_init","3","real_ns","0.966"
"outlined_init","3","normal_ns","19.422"
"outlined_init","3","shuffle_ns","1008.28"
"outlined_init","3","sample_ns","5687"
"original","4","engine_bytes","32"
"original","4","dice_ns","3.198"
"original","4","real_ns","1.029"
"original","4","normal_ns","19.647"
"original","4","shuffle_ns","1267.03"
"original","4","sample_ns","6088"
"inline_wrapper","4","engine_bytes","32"
"inline_wrapper","4","dice_ns","1.11"
"inline_wrapper","4","real_ns","0.992"
"inline_wrapper","4","normal_ns","20.182"
"inline_wrapper","4","shuffle_ns","1270.77"
"inline_wrapper","4","sample_ns","6054"
"outlined_init","4","engine_bytes","32"
"outlined_init","4","dice_ns","1.109"
"outlined_init","4","real_ns","0.989"
"outlined_init","4","normal_ns","19.794"
"outlined_init","4","shuffle_ns","1016.65"
"outlined_init","4","sample_ns","5955"
"other_static","4","engine_bytes","2504"
"other_static","4","dice_ns","1.89"
"other_static","4","real_ns","8.898"
"other_static","4","normal_ns","31.991"
"other_static","4","shuffle_ns","2138.25"
"other_static","4","sample_ns","1855549"
"inline_wrapper","5","engine_bytes","32"
"inline_wrapper","5","dice_ns","1.108"
"inline_wrapper","5","real_ns","0.975"
"inline_wrapper","5","normal_ns","19.713"
"inline_wrapper","5","shuffle_ns","1297.67"
"inline_wrapper","5","sample_ns","6285"
"outlined_init","5","engine_bytes","32"
"outlined_init","5","dice_ns","1.113"
"outlined_init","5","real_ns","0.979"
"outlined_init","5","normal_ns","19.645"
"outlined_init","5","shuffle_ns","1007.38"
"outlined_init","5","sample_ns","6378"
"other_static","5","engine_bytes","2504"
"other_static","5","dice_ns","1.885"
"other_static","5","real_ns","7.816"
"other_static","5","normal_ns","32.189"
"other_static","5","shuffle_ns","2116.73"
"other_static","5","sample_ns","1843915"
"original","5","engine_bytes","32"
"original","5","dice_ns","3.212"
"original","5","real_ns","0.998"
"original","5","normal_ns","19.616"
"original","5","shuffle_ns","1258.63"
"original","5","sample_ns","5688"
"outlined_init","6","engine_bytes","32"
"outlined_init","6","dice_ns","1.095"
"outlined_init","6","real_ns","0.963"
"outlined_init","6","normal_ns","19.635"
"outlined_init","6","shuffle_ns","1022.91"
"outlined_init","6","sample_ns","5576"
"other_static","6","engine_bytes","2504"
"other_static","6","dice_ns","1.879"
"other_static","6","real_ns","7.877"
"other_static","6","normal_ns","32.229"
"other_static","6","shuffle_ns","2121.17"
"other_static","6","sample_ns","1854395"
"original","6","engine_bytes","32"
"original","6","dice_ns","3.369"
"original","6","real_ns","0.971"
"original","6","normal_ns","19.888"
"original","6","shuffle_ns","1266.94"
"original","6","sample_ns","6195"
"inline_wrapper","6","engine_bytes","32"
"inline_wrapper","6","dice_ns","1.123"
"inline_wrapper","6","real_ns","0.981"
"inline_wrapper","6","normal_ns","19.659"
"inline_wrapper","6","shuffle_ns","1247.09"
"inline_wrapper","6","sample_ns","10676"
"other_static","7","engine_bytes","2504"
"other_static","7","dice_ns","1.925"
"other_static","7","real_ns","7.861"
"other_static","7","normal_ns","32.136"
"other_static","7","shuffle_ns","2241.39"
"other_static","7","sample_ns","1840083"
"original","7","engine_bytes","32"
"original","7","dice_ns","3.231"
"original","7","real_ns","0.974"
"original","7","normal_ns","19.969"
"original","7","shuffle_ns","1249.2"
"original","7","sample_ns","5756"
"inline_wrapper","7","engine_bytes","32"
"inline_wrapper","7","dice_ns","1.096"
"inline_wrapper","7","real_ns","0.976"
"inline_wrapper","7","normal_ns","19.941"
"inline_wrapper","7","shuffle_ns","1269.19"
"inline_wrapper","7","sample_ns","6032"
"outlined_init","7","engine_bytes","32"
"outlined_init","7","dice_ns","1.099"
"outlined_init","7","real_ns","1.017"
"outlined_init","7","normal_ns","19.55"
"outlined_init","7","shuffle_ns","1010.9"
"outlined_init","7","sample_ns","5614"
"original","8","engine_bytes","32"
"original","8","dice_ns","3.174"
"original","8","real_ns","0.968"
"original","8","normal_ns","20.266"
"original","8","shuffle_ns","1283.78"
"original","8","sample_ns","7361"
"inline_wrapper","8","engine_bytes","32"
"inline_wrapper","8","dice_ns","1.125"
"inline_wrapper","8","real_ns","0.966"
"inline_wrapper","8","normal_ns","19.492"
"inline_wrapper","8","shuffle_ns","1251.81"
"inline_wrapper","8","sample_ns","5771"
"outlined_init","8","engine_bytes","32"
"outlined_init","8","dice_ns","1.091"
"outlined_init","8","real_ns","0.971"
"outlined_init","8","normal_ns","19.353"
"outlined_init","8","shuffle_ns","1009.14"
"outlined_init","8","sample_ns","6166"
"other_static","8","engine_bytes","2504"
"other_static","8","dice_ns","1.903"
"other_static","8","real_ns","7.923"
"other_static","8","normal_ns","32.085"
"other_static","8","shuffle_ns","2110.39"
"other_static","8","sample_ns","1874727"
