configuration,standard,round,side,dice_ns,real_ns,normal_ns,shuffle_ns,sample_ns
O3,17,1,baseline,3.326,0.978,20.005,2024.55,5290.0
O3,17,1,candidate,1.133,0.966,19.745,1991.49,5188.0
O3,17,2,candidate,1.118,0.97,19.685,2007.63,5863.0
O3,17,2,baseline,3.197,0.968,19.737,2006.92,5666.0
O3,17,3,baseline,3.26,0.973,20.538,2047.51,5844.0
O3,17,3,candidate,1.188,0.978,19.939,2050.5,5859.0
O3,17,4,candidate,1.107,0.972,19.665,1995.75,5681.0
O3,17,4,baseline,3.173,0.971,19.603,2005.32,5876.0
O3,17,5,baseline,3.203,1.126,27.543,2462.46,6173.0
O3,17,5,candidate,1.117,0.977,20.758,2128.62,5513.0
O3,17,6,candidate,1.111,0.979,19.574,2006.65,5639.0
O3,17,6,baseline,3.227,1.007,20.657,2094.62,5668.0
O3,17,7,baseline,3.181,0.974,20.472,1992.71,5795.0
O3,17,7,candidate,1.141,0.974,19.645,2016.69,5672.0
O3,17,8,candidate,1.207,0.977,19.931,2046.48,5801.0
O3,17,8,baseline,3.275,0.996,20.715,3696.27,9135.0
O3,17,9,baseline,3.328,1.034,19.844,2045.35,6071.0
O3,17,9,candidate,1.116,1.011,19.612,2060.34,6167.0
O3,23,1,baseline,3.263,0.985,20.063,1263.94,5355.0
O3,23,1,candidate,1.12,1.009,19.857,1060.74,5401.0
O3,23,2,candidate,1.125,0.986,20.281,1047.96,6012.0
O3,23,2,baseline,3.197,0.975,19.992,1298.72,6031.0
O3,23,3,baseline,3.242,0.999,19.911,1301.37,6084.0
O3,23,3,candidate,1.13,0.976,19.987,1009.48,8168.0
O3,23,4,candidate,1.113,0.975,20.018,1018.6,5836.0
O3,23,4,baseline,3.186,1.275,20.309,1319.72,5640.0
O3,23,5,baseline,3.2,0.975,21.232,1264.5,5770.0
O3,23,5,candidate,1.107,0.985,19.782,999.42,5522.0
O3,23,6,candidate,1.113,0.972,19.497,1002.95,5493.0
O3,23,6,baseline,3.182,0.972,20.321,1253.96,5522.0
O3,23,7,baseline,3.18,0.967,19.714,1292.73,5736.0
O3,23,7,candidate,1.109,0.976,19.625,1301.67,5772.0
O3,23,8,candidate,1.111,0.972,19.738,1006.12,5892.0
O3,23,8,baseline,3.188,0.961,19.991,1269.56,5862.0
O3,23,9,baseline,3.165,1.012,19.754,1332.92,6057.0
O3,23,9,candidate,1.107,0.973,19.855,1004.76,10908.0
O2,17,1,baseline,1.962,2.322,27.856,2263.54,14456.0
O2,17,1,candidate,1.493,1.364,26.843,2184.0,5888.0
O2,17,2,candidate,1.522,1.408,26.031,2177.52,8003.0
O2,17,2,baseline,1.745,1.369,25.962,2302.87,7277.0
O2,17,3,baseline,1.761,1.458,26.548,2375.24,8789.0
O2,17,3,candidate,1.655,1.385,25.9,3931.21,11720.0
O2,17,4,candidate,1.533,1.62,25.758,2256.5,8728.0
O2,17,4,baseline,1.881,1.482,27.801,2573.81,11358.0
O2,17,5,baseline,1.757,1.531,27.187,2340.71,7303.0
O2,17,5,candidate,1.502,1.452,26.77,2239.54,11621.0
O2,17,6,candidate,1.545,1.392,25.966,2256.03,6513.0
O2,17,6,baseline,1.846,1.334,27.873,2209.87,9910.0
O2,17,7,baseline,1.76,1.325,26.114,2364.65,7047.0
O2,17,7,candidate,1.575,1.337,27.962,2277.01,8500.0
O2,17,8,candidate,1.591,1.349,26.87,2188.98,11236.0
O2,17,8,baseline,1.824,1.335,29.113,2335.12,7104.0
O2,17,9,baseline,1.83,1.357,25.673,2404.53,7506.0
O2,17,9,candidate,1.603,1.493,25.433,2185.11,7039.0
O2,23,1,baseline,3.91,4.542,25.863,2252.82,11949.0
O2,23,1,candidate,1.685,1.798,29.102,2618.05,11551.0
O2,23,2,candidate,1.685,1.451,27.673,2530.02,8264.0
O2,23,2,baseline,3.911,4.54,32.929,2533.08,14892.0
O2,23,3,baseline,3.929,4.528,32.805,2604.24,15754.0
O2,23,3,candidate,2.124,1.446,28.928,3009.51,10255.0
O2,23,4,candidate,1.684,1.507,28.893,2310.71,12428.0
O2,23,4,baseline,3.951,4.534,26.227,2469.53,12807.0
O2,23,5,baseline,3.866,4.631,33.556,3069.69,12184.0
O2,23,5,candidate,1.546,1.35,26.907,2604.71,15939.0
O2,23,6,candidate,1.573,1.516,32.187,3392.28,8409.0
O2,23,6,baseline,3.848,4.531,25.705,2312.12,10520.0
O2,23,7,baseline,3.896,4.587,28.007,2708.51,10957.0
O2,23,7,candidate,1.526,1.677,25.959,2273.22,7373.0
O2,23,8,candidate,1.789,2.478,27.479,2323.71,7138.0
O2,23,8,baseline,3.961,4.76,34.169,3677.95,11736.0
O2,23,9,baseline,3.908,4.553,27.772,2633.74,13700.0
O2,23,9,candidate,2.218,1.377,29.345,2278.72,13449.0
O3-LTO,17,1,baseline,1.256,0.999,20.177,1030.0,5757.0
O3-LTO,17,1,candidate,1.172,1.084,20.749,1707.35,5592.0
O3-LTO,17,2,candidate,1.373,0.999,20.478,1041.4,6791.0
O3-LTO,17,2,baseline,1.303,0.999,20.26,1028.09,10096.0
O3-LTO,17,3,baseline,1.286,1.047,22.721,1028.58,6566.0
O3-LTO,17,3,candidate,1.136,1.051,20.22,1035.94,6087.0
O3-LTO,17,4,candidate,1.14,1.164,28.246,1160.92,7199.0
O3-LTO,17,4,baseline,1.256,0.998,27.571,1257.73,6849.0
O3-LTO,17,5,baseline,1.401,1.043,20.559,1175.09,5920.0
O3-LTO,17,5,candidate,1.157,1.446,22.342,1197.55,6804.0
O3-LTO,17,6,candidate,1.143,1.051,20.325,1210.01,6115.0
O3-LTO,17,6,baseline,1.236,1.026,20.062,1157.2,10424.0
O3-LTO,17,7,baseline,1.258,0.997,24.118,1040.2,6358.0
O3-LTO,17,7,candidate,1.283,1.005,21.507,1028.45,11778.0
O3-LTO,17,8,candidate,1.181,1.01,21.188,1058.88,6697.0
O3-LTO,17,8,baseline,1.247,1.026,20.108,1127.22,7059.0
O3-LTO,17,9,baseline,1.527,1.008,20.536,1078.13,6223.0
O3-LTO,17,9,candidate,1.143,0.999,23.384,1229.08,7184.0
O3-LTO,23,1,baseline,1.159,1.008,23.593,1212.02,5881.0
O3-LTO,23,1,candidate,1.15,1.207,20.51,1176.62,5950.0
O3-LTO,23,2,candidate,1.154,1.255,20.437,1067.95,7136.0
O3-LTO,23,2,baseline,1.281,1.313,24.302,1244.56,7198.0
O3-LTO,23,3,baseline,1.162,0.998,21.683,1201.11,15042.0
O3-LTO,23,3,candidate,1.145,1.002,21.267,1073.22,6483.0
O3-LTO,23,4,candidate,1.181,1.003,20.402,1047.78,6082.0
O3-LTO,23,4,baseline,1.154,1.004,20.502,1659.72,9762.0
O3-LTO,23,5,baseline,1.163,1.008,23.515,1182.21,14830.0
O3-LTO,23,5,candidate,1.15,1.007,21.819,1100.72,6449.0
O3-LTO,23,6,candidate,1.143,1.003,20.722,1113.97,10624.0
O3-LTO,23,6,baseline,1.155,1.006,20.769,1120.61,11571.0
O3-LTO,23,7,baseline,1.163,1.024,21.004,1125.42,6587.0
O3-LTO,23,7,candidate,1.224,1.064,22.148,1241.28,6423.0
O3-LTO,23,8,candidate,1.163,1.008,21.806,1105.73,12851.0
O3-LTO,23,8,baseline,1.175,1.063,21.341,1151.3,13468.0
O3-LTO,23,9,baseline,1.392,1.062,21.265,1041.73,6516.0
O3-LTO,23,9,candidate,1.229,1.138,22.999,1071.65,10626.0
