"Variant","Task","Median","Min","Max"
"study_native","eight_mt32_local","1.254","1.225","1.277"
"study_native","eight_x64_default","1.143","1.124","1.474"
"study_native","eight_x64_local","1.133","1.097","1.155"
"study_native","full32_mt32_local","1.073","1.053","1.177"
"study_native","full32_x64_local","1.198","1.172","1.223"
"study_native","full64_mt32_local","3.744","3.693","3.893"
"study_native","full64_x64_local","0.762","0.733","0.811"
"study_native","medium_mt32_local","1.538","1.459","1.69"
"study_native","medium_x64_default","1.244","1.226","1.582"
"study_native","medium_x64_local","1.152","1.094","1.35"
"study_native","raw_mt32_local","1.115","1.064","1.264"
"study_native","raw_mt64_local","1.315","1.257","1.391"
"study_native","raw_x32_local","0.782","0.735","0.806"
"study_native","raw_x64_cached","0.773","0.735","0.871"
"study_native","raw_x64_default","0.779","0.729","0.913"
"study_native","raw_x64_local","0.748","0.734","0.764"
"study_native","runtime_mt32_local","1.552","1.483","1.622"
"study_native","runtime_mt32_static","1.693","1.616","1.713"
"study_native","runtime_x64_default","1.535","1.498","1.632"
"study_native","runtime_x64_dist_reuse","1.41","1.361","1.615"
"study_native","runtime_x64_high32","1.545","1.493","1.733"
"study_native","runtime_x64_lemire","1.142","1.077","1.257"
"study_native","runtime_x64_local","1.6","1.55","1.664"
"study_native","runtime_x64_std_local","1.501","1.469","1.714"
"study_native","six_mt32_randx_local","1.382","1.324","1.505"
"study_native","six_mt32_static","1.511","1.474","2.539"
"study_native","six_mt32_std_local","1.356","1.317","1.514"
"study_native","six_mt32_tls","1.835","1.787","2.068"
"study_native","six_mt64_std_local","1.705","1.678","1.762"
"study_native","six_x32_local","0.989","0.975","1.015"
"study_native","six_x64_cached","1.121","1.101","1.19"
"study_native","six_x64_default","1.3","1.226","1.333"
"study_native","six_x64_dist_reuse","1.398","1.351","1.505"
"study_native","six_x64_high32","1.097","1.064","1.884"
"study_native","six_x64_lemire_local","1.125","1.108","1.217"
"study_native","six_x64_local","1.147","1.097","1.208"
"study_native","six_x64_other_static","1.366","1.353","1.567"
"study_native","six_x64_other_tls","1.237","1.22","1.279"
"study_native","six_x64_std_local","1.113","1.107","1.196"
"study17","eight_mt32_local","1.715","1.651","2.014"
"study17","eight_x64_default","1.168","1.144","1.243"
"study17","eight_x64_local","1.125","1.112","1.174"
"study17","full32_mt32_local","1.476","1.426","1.553"
"study17","full32_x64_local","1.064","1.04","1.109"
"study17","full64_mt32_local","4.696","4.545","5.004"
"study17","full64_x64_local","0.748","0.732","0.785"
"study17","medium_mt32_local","1.818","1.775","2.263"
"study17","medium_x64_default","1.134","1.101","1.236"
"study17","medium_x64_local","1.168","1.134","1.248"
"study17","raw_mt32_local","1.445","1.41","1.512"
"study17","raw_mt64_local","1.764","1.671","1.992"
"study17","raw_x32_local","0.748","0.735","0.851"
"study17","raw_x64_cached","0.761","0.73","0.794"
"study17","raw_x64_default","0.986","0.982","1.113"
"study17","raw_x64_local","0.733","0.73","0.753"
"study17","runtime_mt32_local","1.955","1.84","2.463"
"study17","runtime_mt32_static","2.102","1.989","2.249"
"study17","runtime_x64_default","1.721","1.651","2.446"
"study17","runtime_x64_dist_reuse","1.52","1.468","1.722"
"study17","runtime_x64_high32","1.537","1.473","1.665"
"study17","runtime_x64_lemire","1.237","1.223","1.345"
"study17","runtime_x64_local","1.834","1.715","1.891"
"study17","runtime_x64_std_local","1.533","1.467","1.754"
"study17","six_mt32_randx_local","1.755","1.722","1.956"
"study17","six_mt32_static","1.858","1.812","1.993"
"study17","six_mt32_std_local","1.763","1.719","1.981"
"study17","six_mt32_tls","2.058","2.041","2.406"
"study17","six_mt64_std_local","2.159","1.978","2.531"
"study17","six_x32_local","1.191","1.102","1.22"
"study17","six_x64_cached","1.145","1.132","1.458"
"study17","six_x64_default","1.131","1.107","1.21"
"study17","six_x64_dist_reuse","1.544","1.473","2.088"
"study17","six_x64_high32","1.255","1.219","1.405"
"study17","six_x64_lemire_local","1.156","1.127","1.244"
"study17","six_x64_local","1.165","1.135","1.706"
"study17","six_x64_other_static","1.764","1.719","1.974"
"study17","six_x64_other_tls","1.233","1.219","1.31"
"study17","six_x64_std_local","1.154","1.139","1.208"
"study23","eight_mt32_local","1.777","1.659","1.883"
"study23","eight_x64_default","1.179","1.162","1.209"
"study23","eight_x64_local","1.148","1.112","1.197"
"study23","full32_mt32_local","1.456","1.43","1.558"
"study23","full32_x64_local","1.044","1.036","1.141"
"study23","full64_mt32_local","4.732","4.684","4.842"
"study23","full64_x64_local","0.757","0.737","0.816"
"study23","medium_mt32_local","1.801","1.77","1.97"
"study23","medium_x64_default","1.147","1.117","1.214"
"study23","medium_x64_local","1.154","1.135","1.405"
"study23","raw_mt32_local","1.44","1.409","1.543"
"study23","raw_mt64_local","1.672","1.62","2.135"
"study23","raw_x32_local","0.742","0.727","0.78"
"study23","raw_x64_cached","0.762","0.731","0.83"
"study23","raw_x64_default","0.993","0.976","1.039"
"study23","raw_x64_local","0.771","0.728","1.003"
"study23","runtime_mt32_local","1.872","1.832","2.271"
"study23","runtime_mt32_static","2.061","1.988","2.274"
"study23","runtime_x64_default","1.712","1.636","1.865"
"study23","runtime_x64_dist_reuse","1.545","1.471","1.658"
"study23","runtime_x64_high32","1.548","1.475","1.583"
"study23","runtime_x64_lemire","1.283","1.23","1.418"
"study23","runtime_x64_local","1.79","1.729","1.968"
"study23","runtime_x64_std_local","1.517","1.479","1.666"
"study23","six_mt32_randx_local","1.785","1.732","1.848"
"study23","six_mt32_static","1.856","1.816","1.899"
"study23","six_mt32_std_local","1.778","1.744","1.835"
"study23","six_mt32_tls","2.101","2.033","2.279"
"study23","six_mt64_std_local","1.996","1.962","2.147"
"study23","six_x32_local","1.172","1.124","1.291"
"study23","six_x64_cached","1.158","1.14","1.21"
"study23","six_x64_default","1.126","1.12","1.253"
"study23","six_x64_dist_reuse","1.515","1.476","1.622"
"study23","six_x64_high32","1.228","1.216","1.399"
"study23","six_x64_lemire_local","1.137","1.121","1.241"
"study23","six_x64_local","1.167","1.142","1.273"
"study23","six_x64_other_static","1.487","1.471","1.576"
"study23","six_x64_other_tls","1.235","1.222","1.29"
"study23","six_x64_std_local","1.196","1.146","1.239"
