"Variant","Round","Task","Ns"
"study23","0","raw_x64_local","0.728"
"study23","0","raw_x32_local","0.727"
"study23","0","raw_mt32_local","1.409"
"study23","0","raw_mt64_local","1.62"
"study23","0","raw_x64_default","0.976"
"study23","0","raw_x64_cached","0.83"
"study23","0","six_x64_default","1.12"
"study23","0","six_x64_cached","1.149"
"study23","0","six_x64_local","1.273"
"study23","0","six_x64_std_local","1.215"
"study23","0","six_x64_dist_reuse","1.518"
"study23","0","six_x64_lemire_local","1.121"
"study23","0","six_x64_high32","1.224"
"study23","0","six_x32_local","1.173"
"study23","0","six_mt32_std_local","1.764"
"study23","0","six_mt64_std_local","1.962"
"study23","0","six_mt32_randx_local","1.732"
"study23","0","six_mt32_static","1.831"
"study23","0","six_mt32_tls","2.046"
"study23","0","six_x64_other_static","1.486"
"study23","0","six_x64_other_tls","1.249"
"study23","0","runtime_x64_default","1.712"
"study23","0","runtime_x64_local","1.729"
"study23","0","runtime_x64_std_local","1.498"
"study23","0","runtime_x64_dist_reuse","1.658"
"study23","0","runtime_x64_lemire","1.358"
"study23","0","runtime_x64_high32","1.559"
"study23","0","runtime_mt32_local","1.882"
"study23","0","runtime_mt32_static","2.061"
"study23","0","eight_x64_default","1.162"
"study23","0","eight_x64_local","1.127"
"study23","0","eight_mt32_local","1.883"
"study23","0","medium_x64_default","1.117"
"study23","0","medium_x64_local","1.154"
"study23","0","medium_mt32_local","1.801"
"study23","0","full32_x64_local","1.044"
"study23","0","full32_mt32_local","1.456"
"study23","0","full64_x64_local","0.757"
"study23","0","full64_mt32_local","4.732"
"study17","0","raw_x64_local","0.742"
"study17","0","raw_x32_local","0.851"
"study17","0","raw_mt32_local","1.495"
"study17","0","raw_mt64_local","1.719"
"study17","0","raw_x64_default","1.113"
"study17","0","raw_x64_cached","0.794"
"study17","0","six_x64_default","1.21"
"study17","0","six_x64_cached","1.458"
"study17","0","six_x64_local","1.164"
"study17","0","six_x64_std_local","1.154"
"study17","0","six_x64_dist_reuse","1.501"
"study17","0","six_x64_lemire_local","1.195"
"study17","0","six_x64_high32","1.255"
"study17","0","six_x32_local","1.191"
"study17","0","six_mt32_std_local","1.83"
"study17","0","six_mt64_std_local","2.17"
"study17","0","six_mt32_randx_local","1.956"
"study17","0","six_mt32_static","1.993"
"study17","0","six_mt32_tls","2.406"
"study17","0","six_x64_other_static","1.868"
"study17","0","six_x64_other_tls","1.254"
"study17","0","runtime_x64_default","2.446"
"study17","0","runtime_x64_local","1.834"
"study17","0","runtime_x64_std_local","1.754"
"study17","0","runtime_x64_dist_reuse","1.52"
"study17","0","runtime_x64_lemire","1.345"
"study17","0","runtime_x64_high32","1.665"
"study17","0","runtime_mt32_local","2.389"
"study17","0","runtime_mt32_static","2.249"
"study17","0","eight_x64_default","1.222"
"study17","0","eight_x64_local","1.174"
"study17","0","eight_mt32_local","2.014"
"study17","0","medium_x64_default","1.195"
"study17","0","medium_x64_local","1.168"
"study17","0","medium_mt32_local","1.818"
"study17","0","full32_x64_local","1.064"
"study17","0","full32_mt32_local","1.476"
"study17","0","full64_x64_local","0.785"
"study17","0","full64_mt32_local","4.812"
"study_native","0","raw_x64_local","0.764"
"study_native","0","raw_x32_local","0.804"
"study_native","0","raw_mt32_local","1.186"
"study_native","0","raw_mt64_local","1.325"
"study_native","0","raw_x64_default","0.757"
"study_native","0","raw_x64_cached","0.746"
"study_native","0","six_x64_default","1.247"
"study_native","0","six_x64_cached","1.106"
"study_native","0","six_x64_local","1.12"
"study_native","0","six_x64_std_local","1.108"
"study_native","0","six_x64_dist_reuse","1.469"
"study_native","0","six_x64_lemire_local","1.117"
"study_native","0","six_x64_high32","1.161"
"study_native","0","six_x32_local","0.989"
"study_native","0","six_mt32_std_local","1.349"
"study_native","0","six_mt64_std_local","1.72"
"study_native","0","six_mt32_randx_local","1.359"
"study_native","0","six_mt32_static","2.539"
"study_native","0","six_mt32_tls","2.068"
"study_native","0","six_x64_other_static","1.399"
"study_native","0","six_x64_other_tls","1.276"
"study_native","0","runtime_x64_default","1.535"
"study_native","0","runtime_x64_local","1.583"
"study_native","0","runtime_x64_std_local","1.596"
"study_native","0","runtime_x64_dist_reuse","1.392"
"study_native","0","runtime_x64_lemire","1.102"
"study_native","0","runtime_x64_high32","1.73"
"study_native","0","runtime_mt32_local","1.494"
"study_native","0","runtime_mt32_static","1.675"
"study_native","0","eight_x64_default","1.143"
"study_native","0","eight_x64_local","1.135"
"study_native","0","eight_mt32_local","1.234"
"study_native","0","medium_x64_default","1.244"
"study_native","0","medium_x64_local","1.192"
"study_native","0","medium_mt32_local","1.514"
"study_native","0","full32_x64_local","1.221"
"study_native","0","full32_mt32_local","1.177"
"study_native","0","full64_x64_local","0.763"
"study_native","0","full64_mt32_local","3.713"
"study17","1","raw_x64_local","0.753"
"study17","1","raw_x32_local","0.748"
"study17","1","raw_mt32_local","1.444"
"study17","1","raw_mt64_local","1.764"
"study17","1","raw_x64_default","0.993"
"study17","1","raw_x64_cached","0.761"
"study17","1","six_x64_default","1.16"
"study17","1","six_x64_cached","1.181"
"study17","1","six_x64_local","1.706"
"study17","1","six_x64_std_local","1.208"
"study17","1","six_x64_dist_reuse","2.088"
"study17","1","six_x64_lemire_local","1.244"
"study17","1","six_x64_high32","1.298"
"study17","1","six_x32_local","1.202"
"study17","1","six_mt32_std_local","1.981"
"study17","1","six_mt64_std_local","2.159"
"study17","1","six_mt32_randx_local","1.765"
"study17","1","six_mt32_static","1.937"
"study17","1","six_mt32_tls","2.21"
"study17","1","six_x64_other_static","1.974"
"study17","1","six_x64_other_tls","1.31"
"study17","1","runtime_x64_default","1.82"
"study17","1","runtime_x64_local","1.857"
"study17","1","runtime_x64_std_local","1.646"
"study17","1","runtime_x64_dist_reuse","1.722"
"study17","1","runtime_x64_lemire","1.322"
"study17","1","runtime_x64_high32","1.627"
"study17","1","runtime_mt32_local","2.463"
"study17","1","runtime_mt32_static","2.108"
"study17","1","eight_x64_default","1.187"
"study17","1","eight_x64_local","1.167"
"study17","1","eight_mt32_local","1.695"
"study17","1","medium_x64_default","1.151"
"study17","1","medium_x64_local","1.175"
"study17","1","medium_mt32_local","2.263"
"study17","1","full32_x64_local","1.106"
"study17","1","full32_mt32_local","1.483"
"study17","1","full64_x64_local","0.748"
"study17","1","full64_mt32_local","5.004"
"study_native","1","raw_x64_local","0.748"
"study_native","1","raw_x32_local","0.757"
"study_native","1","raw_mt32_local","1.264"
"study_native","1","raw_mt64_local","1.391"
"study_native","1","raw_x64_default","0.913"
"study_native","1","raw_x64_cached","0.871"
"study_native","1","six_x64_default","1.333"
"study_native","1","six_x64_cached","1.121"
"study_native","1","six_x64_local","1.166"
"study_native","1","six_x64_std_local","1.149"
"study_native","1","six_x64_dist_reuse","1.424"
"study_native","1","six_x64_lemire_local","1.141"
"study_native","1","six_x64_high32","1.884"
"study_native","1","six_x32_local","0.996"
"study_native","1","six_mt32_std_local","1.356"
"study_native","1","six_mt64_std_local","1.704"
"study_native","1","six_mt32_randx_local","1.382"
"study_native","1","six_mt32_static","1.506"
"study_native","1","six_mt32_tls","1.835"
"study_native","1","six_x64_other_static","1.363"
"study_native","1","six_x64_other_tls","1.251"
"study_native","1","runtime_x64_default","1.618"
"study_native","1","runtime_x64_local","1.633"
"study_native","1","runtime_x64_std_local","1.501"
"study_native","1","runtime_x64_dist_reuse","1.383"
"study_native","1","runtime_x64_lemire","1.257"
"study_native","1","runtime_x64_high32","1.493"
"study_native","1","runtime_mt32_local","1.568"
"study_native","1","runtime_mt32_static","1.661"
"study_native","1","eight_x64_default","1.141"
"study_native","1","eight_x64_local","1.132"
"study_native","1","eight_mt32_local","1.252"
"study_native","1","medium_x64_default","1.582"
"study_native","1","medium_x64_local","1.35"
"study_native","1","medium_mt32_local","1.69"
"study_native","1","full32_x64_local","1.198"
"study_native","1","full32_mt32_local","1.1"
"study_native","1","full64_x64_local","0.811"
"study_native","1","full64_mt32_local","3.744"
"study23","1","raw_x64_local","1.003"
"study23","1","raw_x32_local","0.742"
"study23","1","raw_mt32_local","1.543"
"study23","1","raw_mt64_local","1.731"
"study23","1","raw_x64_default","0.995"
"study23","1","raw_x64_cached","0.802"
"study23","1","six_x64_default","1.133"
"study23","1","six_x64_cached","1.168"
"study23","1","six_x64_local","1.199"
"study23","1","six_x64_std_local","1.168"
"study23","1","six_x64_dist_reuse","1.5"
"study23","1","six_x64_lemire_local","1.145"
"study23","1","six_x64_high32","1.399"
"study23","1","six_x32_local","1.151"
"study23","1","six_mt32_std_local","1.796"
"study23","1","six_mt64_std_local","2.109"
"study23","1","six_mt32_randx_local","1.814"
"study23","1","six_mt32_static","1.891"
"study23","1","six_mt32_tls","2.279"
"study23","1","six_x64_other_static","1.523"
"study23","1","six_x64_other_tls","1.249"
"study23","1","runtime_x64_default","1.69"
"study23","1","runtime_x64_local","1.81"
"study23","1","runtime_x64_std_local","1.537"
"study23","1","runtime_x64_dist_reuse","1.505"
"study23","1","runtime_x64_lemire","1.295"
"study23","1","runtime_x64_high32","1.511"
"study23","1","runtime_mt32_local","2.271"
"study23","1","runtime_mt32_static","2.274"
"study23","1","eight_x64_default","1.207"
"study23","1","eight_x64_local","1.148"
"study23","1","eight_mt32_local","1.786"
"study23","1","medium_x64_default","1.187"
"study23","1","medium_x64_local","1.405"
"study23","1","medium_mt32_local","1.97"
"study23","1","full32_x64_local","1.114"
"study23","1","full32_mt32_local","1.474"
"study23","1","full64_x64_local","0.791"
"study23","1","full64_mt32_local","4.804"
"study_native","2","raw_x64_local","0.748"
"study_native","2","raw_x32_local","0.806"
"study_native","2","raw_mt32_local","1.09"
"study_native","2","raw_mt64_local","1.376"
"study_native","2","raw_x64_default","0.779"
"study_native","2","raw_x64_cached","0.773"
"study_native","2","six_x64_default","1.307"
"study_native","2","six_x64_cached","1.137"
"study_native","2","six_x64_local","1.147"
"study_native","2","six_x64_std_local","1.196"
"study_native","2","six_x64_dist_reuse","1.369"
"study_native","2","six_x64_lemire_local","1.125"
"study_native","2","six_x64_high32","1.097"
"study_native","2","six_x32_local","0.99"
"study_native","2","six_mt32_std_local","1.345"
"study_native","2","six_mt64_std_local","1.714"
"study_native","2","six_mt32_randx_local","1.414"
"study_native","2","six_mt32_static","1.488"
"study_native","2","six_mt32_tls","1.878"
"study_native","2","six_x64_other_static","1.393"
"study_native","2","six_x64_other_tls","1.237"
"study_native","2","runtime_x64_default","1.515"
"study_native","2","runtime_x64_local","1.587"
"study_native","2","runtime_x64_std_local","1.487"
"study_native","2","runtime_x64_dist_reuse","1.361"
"study_native","2","runtime_x64_lemire","1.144"
"study_native","2","runtime_x64_high32","1.57"
"study_native","2","runtime_mt32_local","1.575"
"study_native","2","runtime_mt32_static","1.7"
"study_native","2","eight_x64_default","1.474"
"study_native","2","eight_x64_local","1.133"
"study_native","2","eight_mt32_local","1.277"
"study_native","2","medium_x64_default","1.236"
"study_native","2","medium_x64_local","1.133"
"study_native","2","medium_mt32_local","1.562"
"study_native","2","full32_x64_local","1.172"
"study_native","2","full32_mt32_local","1.069"
"study_native","2","full64_x64_local","0.742"
"study_native","2","full64_mt32_local","3.785"
"study23","2","raw_x64_local","0.968"
"study23","2","raw_x32_local","0.78"
"study23","2","raw_mt32_local","1.44"
"study23","2","raw_mt64_local","1.777"
"study23","2","raw_x64_default","0.986"
"study23","2","raw_x64_cached","0.762"
"study23","2","six_x64_default","1.126"
"study23","2","six_x64_cached","1.156"
"study23","2","six_x64_local","1.142"
"study23","2","six_x64_std_local","1.206"
"study23","2","six_x64_dist_reuse","1.521"
"study23","2","six_x64_lemire_local","1.137"
"study23","2","six_x64_high32","1.216"
"study23","2","six_x32_local","1.212"
"study23","2","six_mt32_std_local","1.744"
"study23","2","six_mt64_std_local","1.994"
"study23","2","six_mt32_randx_local","1.762"
"study23","2","six_mt32_static","1.839"
"study23","2","six_mt32_tls","2.038"
"study23","2","six_x64_other_static","1.471"
"study23","2","six_x64_other_tls","1.235"
"study23","2","runtime_x64_default","1.767"
"study23","2","runtime_x64_local","1.78"
"study23","2","runtime_x64_std_local","1.479"
"study23","2","runtime_x64_dist_reuse","1.555"
"study23","2","runtime_x64_lemire","1.23"
"study23","2","runtime_x64_high32","1.481"
"study23","2","runtime_mt32_local","1.841"
"study23","2","runtime_mt32_static","1.995"
"study23","2","eight_x64_default","1.165"
"study23","2","eight_x64_local","1.122"
"study23","2","eight_mt32_local","1.669"
"study23","2","medium_x64_default","1.166"
"study23","2","medium_x64_local","1.137"
"study23","2","medium_mt32_local","1.825"
"study23","2","full32_x64_local","1.036"
"study23","2","full32_mt32_local","1.43"
"study23","2","full64_x64_local","0.737"
"study23","2","full64_mt32_local","4.726"
"study17","2","raw_x64_local","0.733"
"study17","2","raw_x32_local","0.735"
"study17","2","raw_mt32_local","1.484"
"study17","2","raw_mt64_local","1.74"
"study17","2","raw_x64_default","0.986"
"study17","2","raw_x64_cached","0.745"
"study17","2","six_x64_default","1.126"
"study17","2","six_x64_cached","1.145"
"study17","2","six_x64_local","1.165"
"study17","2","six_x64_std_local","1.18"
"study17","2","six_x64_dist_reuse","1.571"
"study17","2","six_x64_lemire_local","1.138"
"study17","2","six_x64_high32","1.221"
"study17","2","six_x32_local","1.173"
"study17","2","six_mt32_std_local","1.74"
"study17","2","six_mt64_std_local","1.994"
"study17","2","six_mt32_randx_local","1.722"
"study17","2","six_mt32_static","1.85"
"study17","2","six_mt32_tls","2.044"
"study17","2","six_x64_other_static","1.719"
"study17","2","six_x64_other_tls","1.226"
"study17","2","runtime_x64_default","1.673"
"study17","2","runtime_x64_local","1.853"
"study17","2","runtime_x64_std_local","1.474"
"study17","2","runtime_x64_dist_reuse","1.483"
"study17","2","runtime_x64_lemire","1.229"
"study17","2","runtime_x64_high32","1.547"
"study17","2","runtime_mt32_local","1.955"
"study17","2","runtime_mt32_static","2.015"
"study17","2","eight_x64_default","1.165"
"study17","2","eight_x64_local","1.119"
"study17","2","eight_mt32_local","1.657"
"study17","2","medium_x64_default","1.121"
"study17","2","medium_x64_local","1.248"
"study17","2","medium_mt32_local","1.878"
"study17","2","full32_x64_local","1.104"
"study17","2","full32_mt32_local","1.553"
"study17","2","full64_x64_local","0.776"
"study17","2","full64_mt32_local","4.648"
"study23","3","raw_x64_local","0.776"
"study23","3","raw_x32_local","0.734"
"study23","3","raw_mt32_local","1.415"
"study23","3","raw_mt64_local","1.653"
"study23","3","raw_x64_default","1.039"
"study23","3","raw_x64_cached","0.731"
"study23","3","six_x64_default","1.12"
"study23","3","six_x64_cached","1.158"
"study23","3","six_x64_local","1.144"
"study23","3","six_x64_std_local","1.146"
"study23","3","six_x64_dist_reuse","1.515"
"study23","3","six_x64_lemire_local","1.143"
"study23","3","six_x64_high32","1.235"
"study23","3","six_x32_local","1.172"
"study23","3","six_mt32_std_local","1.778"
"study23","3","six_mt64_std_local","1.996"
"study23","3","six_mt32_randx_local","1.785"
"study23","3","six_mt32_static","1.816"
"study23","3","six_mt32_tls","2.154"
"study23","3","six_x64_other_static","1.495"
"study23","3","six_x64_other_tls","1.234"
"study23","3","runtime_x64_default","1.636"
"study23","3","runtime_x64_local","1.761"
"study23","3","runtime_x64_std_local","1.517"
"study23","3","runtime_x64_dist_reuse","1.492"
"study23","3","runtime_x64_lemire","1.237"
"study23","3","runtime_x64_high32","1.56"
"study23","3","runtime_mt32_local","1.865"
"study23","3","runtime_mt32_static","2.013"
"study23","3","eight_x64_default","1.179"
"study23","3","eight_x64_local","1.155"
"study23","3","eight_mt32_local","1.68"
"study23","3","medium_x64_default","1.121"
"study23","3","medium_x64_local","1.139"
"study23","3","medium_mt32_local","1.771"
"study23","3","full32_x64_local","1.04"
"study23","3","full32_mt32_local","1.5"
"study23","3","full64_x64_local","0.737"
"study23","3","full64_mt32_local","4.699"
"study17","3","raw_x64_local","0.733"
"study17","3","raw_x32_local","0.737"
"study17","3","raw_mt32_local","1.419"
"study17","3","raw_mt64_local","1.671"
"study17","3","raw_x64_default","0.983"
"study17","3","raw_x64_cached","0.771"
"study17","3","six_x64_default","1.107"
"study17","3","six_x64_cached","1.132"
"study17","3","six_x64_local","1.213"
"study17","3","six_x64_std_local","1.156"
"study17","3","six_x64_dist_reuse","1.473"
"study17","3","six_x64_lemire_local","1.196"
"study17","3","six_x64_high32","1.346"
"study17","3","six_x32_local","1.152"
"study17","3","six_mt32_std_local","1.778"
"study17","3","six_mt64_std_local","2.531"
"study17","3","six_mt32_randx_local","1.755"
"study17","3","six_mt32_static","1.907"
"study17","3","six_mt32_tls","2.041"
"study17","3","six_x64_other_static","1.726"
"study17","3","six_x64_other_tls","1.235"
"study17","3","runtime_x64_default","1.737"
"study17","3","runtime_x64_local","1.715"
"study17","3","runtime_x64_std_local","1.467"
"study17","3","runtime_x64_dist_reuse","1.481"
"study17","3","runtime_x64_lemire","1.223"
"study17","3","runtime_x64_high32","1.499"
"study17","3","runtime_mt32_local","1.844"
"study17","3","runtime_mt32_static","2.025"
"study17","3","eight_x64_default","1.144"
"study17","3","eight_x64_local","1.112"
"study17","3","eight_mt32_local","1.651"
"study17","3","medium_x64_default","1.236"
"study17","3","medium_x64_local","1.197"
"study17","3","medium_mt32_local","1.857"
"study17","3","full32_x64_local","1.109"
"study17","3","full32_mt32_local","1.435"
"study17","3","full64_x64_local","0.735"
"study17","3","full64_mt32_local","4.696"
"study_native","3","raw_x64_local","0.734"
"study_native","3","raw_x32_local","0.739"
"study_native","3","raw_mt32_local","1.064"
"study_native","3","raw_mt64_local","1.257"
"study_native","3","raw_x64_default","0.729"
"study_native","3","raw_x64_cached","0.735"
"study_native","3","six_x64_default","1.226"
"study_native","3","six_x64_cached","1.163"
"study_native","3","six_x64_local","1.15"
"study_native","3","six_x64_std_local","1.107"
"study_native","3","six_x64_dist_reuse","1.354"
"study_native","3","six_x64_lemire_local","1.113"
"study_native","3","six_x64_high32","1.075"
"study_native","3","six_x32_local","0.975"
"study_native","3","six_mt32_std_local","1.365"
"study_native","3","six_mt64_std_local","1.678"
"study_native","3","six_mt32_randx_local","1.362"
"study_native","3","six_mt32_static","1.541"
"study_native","3","six_mt32_tls","1.787"
"study_native","3","six_x64_other_static","1.353"
"study_native","3","six_x64_other_tls","1.229"
"study_native","3","runtime_x64_default","1.498"
"study_native","3","runtime_x64_local","1.55"
"study_native","3","runtime_x64_std_local","1.478"
"study_native","3","runtime_x64_dist_reuse","1.421"
"study_native","3","runtime_x64_lemire","1.077"
"study_native","3","runtime_x64_high32","1.545"
"study_native","3","runtime_mt32_local","1.483"
"study_native","3","runtime_mt32_static","1.713"
"study_native","3","eight_x64_default","1.124"
"study_native","3","eight_x64_local","1.097"
"study_native","3","eight_mt32_local","1.277"
"study_native","3","medium_x64_default","1.24"
"study_native","3","medium_x64_local","1.1"
"study_native","3","medium_mt32_local","1.464"
"study_native","3","full32_x64_local","1.183"
"study_native","3","full32_mt32_local","1.073"
"study_native","3","full64_x64_local","0.76"
"study_native","3","full64_mt32_local","3.693"
"study17","4","raw_x64_local","0.73"
"study17","4","raw_x32_local","0.766"
"study17","4","raw_mt32_local","1.445"
"study17","4","raw_mt64_local","1.992"
"study17","4","raw_x64_default","0.984"
"study17","4","raw_x64_cached","0.731"
"study17","4","six_x64_default","1.131"
"study17","4","six_x64_cached","1.138"
"study17","4","six_x64_local","1.135"
"study17","4","six_x64_std_local","1.139"
"study17","4","six_x64_dist_reuse","1.545"
"study17","4","six_x64_lemire_local","1.131"
"study17","4","six_x64_high32","1.405"
"study17","4","six_x32_local","1.22"
"study17","4","six_mt32_std_local","1.719"
"study17","4","six_mt64_std_local","2.034"
"study17","4","six_mt32_randx_local","1.854"
"study17","4","six_mt32_static","1.852"
"study17","4","six_mt32_tls","2.053"
"study17","4","six_x64_other_static","1.837"
"study17","4","six_x64_other_tls","1.227"
"study17","4","runtime_x64_default","1.667"
"study17","4","runtime_x64_local","1.891"
"study17","4","runtime_x64_std_local","1.559"
"study17","4","runtime_x64_dist_reuse","1.527"
"study17","4","runtime_x64_lemire","1.237"
"study17","4","runtime_x64_high32","1.537"
"study17","4","runtime_mt32_local","1.961"
"study17","4","runtime_mt32_static","2.147"
"study17","4","eight_x64_default","1.168"
"study17","4","eight_x64_local","1.125"
"study17","4","eight_mt32_local","1.718"
"study17","4","medium_x64_default","1.101"
"study17","4","medium_x64_local","1.134"
"study17","4","medium_mt32_local","1.775"
"study17","4","full32_x64_local","1.052"
"study17","4","full32_mt32_local","1.469"
"study17","4","full64_x64_local","0.732"
"study17","4","full64_mt32_local","4.545"
"study_native","4","raw_x64_local","0.738"
"study_native","4","raw_x32_local","0.795"
"study_native","4","raw_mt32_local","1.066"
"study_native","4","raw_mt64_local","1.307"
"study_native","4","raw_x64_default","0.85"
"study_native","4","raw_x64_cached","0.735"
"study_native","4","six_x64_default","1.331"
"study_native","4","six_x64_cached","1.112"
"study_native","4","six_x64_local","1.097"
"study_native","4","six_x64_std_local","1.113"
"study_native","4","six_x64_dist_reuse","1.505"
"study_native","4","six_x64_lemire_local","1.217"
"study_native","4","six_x64_high32","1.064"
"study_native","4","six_x32_local","0.977"
"study_native","4","six_mt32_std_local","1.514"
"study_native","4","six_mt64_std_local","1.705"
"study_native","4","six_mt32_randx_local","1.505"
"study_native","4","six_mt32_static","1.511"
"study_native","4","six_mt32_tls","1.824"
"study_native","4","six_x64_other_static","1.366"
"study_native","4","six_x64_other_tls","1.221"
"study_native","4","runtime_x64_default","1.632"
"study_native","4","runtime_x64_local","1.664"
"study_native","4","runtime_x64_std_local","1.605"
"study_native","4","runtime_x64_dist_reuse","1.424"
"study_native","4","runtime_x64_lemire","1.157"
"study_native","4","runtime_x64_high32","1.733"
"study_native","4","runtime_mt32_local","1.622"
"study_native","4","runtime_mt32_static","1.698"
"study_native","4","eight_x64_default","1.19"
"study_native","4","eight_x64_local","1.155"
"study_native","4","eight_mt32_local","1.254"
"study_native","4","medium_x64_default","1.33"
"study_native","4","medium_x64_local","1.201"
"study_native","4","medium_mt32_local","1.538"
"study_native","4","full32_x64_local","1.219"
"study_native","4","full32_mt32_local","1.072"
"study_native","4","full64_x64_local","0.788"
"study_native","4","full64_mt32_local","3.792"
"study23","4","raw_x64_local","0.771"
"study23","4","raw_x32_local","0.763"
"study23","4","raw_mt32_local","1.496"
"study23","4","raw_mt64_local","2.135"
"study23","4","raw_x64_default","1.014"
"study23","4","raw_x64_cached","0.783"
"study23","4","six_x64_default","1.162"
"study23","4","six_x64_cached","1.21"
"study23","4","six_x64_local","1.192"
"study23","4","six_x64_std_local","1.239"
"study23","4","six_x64_dist_reuse","1.622"
"study23","4","six_x64_lemire_local","1.241"
"study23","4","six_x64_high32","1.299"
"study23","4","six_x32_local","1.291"
"study23","4","six_mt32_std_local","1.835"
"study23","4","six_mt64_std_local","2.147"
"study23","4","six_mt32_randx_local","1.848"
"study23","4","six_mt32_static","1.899"
"study23","4","six_mt32_tls","2.196"
"study23","4","six_x64_other_static","1.576"
"study23","4","six_x64_other_tls","1.29"
"study23","4","runtime_x64_default","1.865"
"study23","4","runtime_x64_local","1.968"
"study23","4","runtime_x64_std_local","1.666"
"study23","4","runtime_x64_dist_reuse","1.545"
"study23","4","runtime_x64_lemire","1.418"
"study23","4","runtime_x64_high32","1.583"
"study23","4","runtime_mt32_local","1.952"
"study23","4","runtime_mt32_static","2.07"
"study23","4","eight_x64_default","1.209"
"study23","4","eight_x64_local","1.173"
"study23","4","eight_mt32_local","1.777"
"study23","4","medium_x64_default","1.214"
"study23","4","medium_x64_local","1.238"
"study23","4","medium_mt32_local","1.913"
"study23","4","full32_x64_local","1.141"
"study23","4","full32_mt32_local","1.558"
"study23","4","full64_x64_local","0.781"
"study23","4","full64_mt32_local","4.842"
"study_native","5","raw_x64_local","0.761"
"study_native","5","raw_x32_local","0.782"
"study_native","5","raw_mt32_local","1.115"
"study_native","5","raw_mt64_local","1.29"
"study_native","5","raw_x64_default","0.805"
"study_native","5","raw_x64_cached","0.778"
"study_native","5","six_x64_default","1.3"
"study_native","5","six_x64_cached","1.19"
"study_native","5","six_x64_local","1.208"
"study_native","5","six_x64_std_local","1.143"
"study_native","5","six_x64_dist_reuse","1.398"
"study_native","5","six_x64_lemire_local","1.167"
"study_native","5","six_x64_high32","1.161"
"study_native","5","six_x32_local","1.015"
"study_native","5","six_mt32_std_local","1.405"
"study_native","5","six_mt64_std_local","1.762"
"study_native","5","six_mt32_randx_local","1.4"
"study_native","5","six_mt32_static","1.608"
"study_native","5","six_mt32_tls","1.93"
"study_native","5","six_x64_other_static","1.567"
"study_native","5","six_x64_other_tls","1.279"
"study_native","5","runtime_x64_default","1.556"
"study_native","5","runtime_x64_local","1.605"
"study_native","5","runtime_x64_std_local","1.714"
"study_native","5","runtime_x64_dist_reuse","1.615"
"study_native","5","runtime_x64_lemire","1.142"
"study_native","5","runtime_x64_high32","1.529"
"study_native","5","runtime_mt32_local","1.552"
"study_native","5","runtime_mt32_static","1.693"
"study_native","5","eight_x64_default","1.177"
"study_native","5","eight_x64_local","1.153"
"study_native","5","eight_mt32_local","1.256"
"study_native","5","medium_x64_default","1.303"
"study_native","5","medium_x64_local","1.152"
"study_native","5","medium_mt32_local","1.568"
"study_native","5","full32_x64_local","1.223"
"study_native","5","full32_mt32_local","1.082"
"study_native","5","full64_x64_local","0.762"
"study_native","5","full64_mt32_local","3.893"
"study23","5","raw_x64_local","0.768"
"study23","5","raw_x32_local","0.772"
"study23","5","raw_mt32_local","1.422"
"study23","5","raw_mt64_local","1.657"
"study23","5","raw_x64_default","0.993"
"study23","5","raw_x64_cached","0.741"
"study23","5","six_x64_default","1.125"
"study23","5","six_x64_cached","1.14"
"study23","5","six_x64_local","1.167"
"study23","5","six_x64_std_local","1.185"
"study23","5","six_x64_dist_reuse","1.476"
"study23","5","six_x64_lemire_local","1.126"
"study23","5","six_x64_high32","1.226"
"study23","5","six_x32_local","1.157"
"study23","5","six_mt32_std_local","1.81"
"study23","5","six_mt64_std_local","2.014"
"study23","5","six_mt32_randx_local","1.736"
"study23","5","six_mt32_static","1.856"
"study23","5","six_mt32_tls","2.101"
"study23","5","six_x64_other_static","1.478"
"study23","5","six_x64_other_tls","1.235"
"study23","5","runtime_x64_default","1.656"
"study23","5","runtime_x64_local","1.79"
"study23","5","runtime_x64_std_local","1.497"
"study23","5","runtime_x64_dist_reuse","1.559"
"study23","5","runtime_x64_lemire","1.283"
"study23","5","runtime_x64_high32","1.548"
"study23","5","runtime_mt32_local","1.872"
"study23","5","runtime_mt32_static","2.16"
"study23","5","eight_x64_default","1.194"
"study23","5","eight_x64_local","1.197"
"study23","5","eight_mt32_local","1.659"
"study23","5","medium_x64_default","1.129"
"study23","5","medium_x64_local","1.228"
"study23","5","medium_mt32_local","1.77"
"study23","5","full32_x64_local","1.044"
"study23","5","full32_mt32_local","1.431"
"study23","5","full64_x64_local","0.749"
"study23","5","full64_mt32_local","4.751"
"study17","5","raw_x64_local","0.739"
"study17","5","raw_x32_local","0.744"
"study17","5","raw_mt32_local","1.41"
"study17","5","raw_mt64_local","1.802"
"study17","5","raw_x64_default","0.982"
"study17","5","raw_x64_cached","0.766"
"study17","5","six_x64_default","1.112"
"study17","5","six_x64_cached","1.143"
"study17","5","six_x64_local","1.225"
"study17","5","six_x64_std_local","1.153"
"study17","5","six_x64_dist_reuse","1.544"
"study17","5","six_x64_lemire_local","1.127"
"study17","5","six_x64_high32","1.219"
"study17","5","six_x32_local","1.215"
"study17","5","six_mt32_std_local","1.743"
"study17","5","six_mt64_std_local","1.978"
"study17","5","six_mt32_randx_local","1.745"
"study17","5","six_mt32_static","1.858"
"study17","5","six_mt32_tls","2.058"
"study17","5","six_x64_other_static","1.764"
"study17","5","six_x64_other_tls","1.233"
"study17","5","runtime_x64_default","1.721"
"study17","5","runtime_x64_local","1.716"
"study17","5","runtime_x64_std_local","1.531"
"study17","5","runtime_x64_dist_reuse","1.468"
"study17","5","runtime_x64_lemire","1.244"
"study17","5","runtime_x64_high32","1.483"
"study17","5","runtime_mt32_local","1.84"
"study17","5","runtime_mt32_static","1.989"
"study17","5","eight_x64_default","1.16"
"study17","5","eight_x64_local","1.119"
"study17","5","eight_mt32_local","1.728"
"study17","5","medium_x64_default","1.134"
"study17","5","medium_x64_local","1.147"
"study17","5","medium_mt32_local","1.799"
"study17","5","full32_x64_local","1.04"
"study17","5","full32_mt32_local","1.426"
"study17","5","full64_x64_local","0.775"
"study17","5","full64_mt32_local","4.732"
"study23","6","raw_x64_local","0.732"
"study23","6","raw_x32_local","0.738"
"study23","6","raw_mt32_local","1.483"
"study23","6","raw_mt64_local","1.672"
"study23","6","raw_x64_default","0.979"
"study23","6","raw_x64_cached","0.731"
"study23","6","six_x64_default","1.253"
"study23","6","six_x64_cached","1.161"
"study23","6","six_x64_local","1.15"
"study23","6","six_x64_std_local","1.196"
"study23","6","six_x64_dist_reuse","1.478"
"study23","6","six_x64_lemire_local","1.128"
"study23","6","six_x64_high32","1.228"
"study23","6","six_x32_local","1.124"
"study23","6","six_mt32_std_local","1.748"
"study23","6","six_mt64_std_local","1.967"
"study23","6","six_mt32_randx_local","1.836"
"study23","6","six_mt32_static","1.873"
"study23","6","six_mt32_tls","2.033"
"study23","6","six_x64_other_static","1.487"
"study23","6","six_x64_other_tls","1.222"
"study23","6","runtime_x64_default","1.751"
"study23","6","runtime_x64_local","1.821"
"study23","6","runtime_x64_std_local","1.532"
"study23","6","runtime_x64_dist_reuse","1.471"
"study23","6","runtime_x64_lemire","1.249"
"study23","6","runtime_x64_high32","1.475"
"study23","6","runtime_mt32_local","1.832"
"study23","6","runtime_mt32_static","1.988"
"study23","6","eight_x64_default","1.162"
"study23","6","eight_x64_local","1.112"
"study23","6","eight_mt32_local","1.834"
"study23","6","medium_x64_default","1.147"
"study23","6","medium_x64_local","1.135"
"study23","6","medium_mt32_local","1.777"
"study23","6","full32_x64_local","1.041"
"study23","6","full32_mt32_local","1.431"
"study23","6","full64_x64_local","0.816"
"study23","6","full64_mt32_local","4.684"
"study17","6","raw_x64_local","0.733"
"study17","6","raw_x32_local","0.784"
"study17","6","raw_mt32_local","1.512"
"study17","6","raw_mt64_local","1.776"
"study17","6","raw_x64_default","1.017"
"study17","6","raw_x64_cached","0.73"
"study17","6","six_x64_default","1.17"
"study17","6","six_x64_cached","1.166"
"study17","6","six_x64_local","1.142"
"study17","6","six_x64_std_local","1.145"
"study17","6","six_x64_dist_reuse","1.482"
"study17","6","six_x64_lemire_local","1.156"
"study17","6","six_x64_high32","1.24"
"study17","6","six_x32_local","1.102"
"study17","6","six_mt32_std_local","1.763"
"study17","6","six_mt64_std_local","2.253"
"study17","6","six_mt32_randx_local","1.743"
"study17","6","six_mt32_static","1.812"
"study17","6","six_mt32_tls","2.072"
"study17","6","six_x64_other_static","1.735"
"study17","6","six_x64_other_tls","1.219"
"study17","6","runtime_x64_default","1.651"
"study17","6","runtime_x64_local","1.763"
"study17","6","runtime_x64_std_local","1.533"
"study17","6","runtime_x64_dist_reuse","1.59"
"study17","6","runtime_x64_lemire","1.235"
"study17","6","runtime_x64_high32","1.473"
"study17","6","runtime_mt32_local","1.849"
"study17","6","runtime_mt32_static","2.102"
"study17","6","eight_x64_default","1.243"
"study17","6","eight_x64_local","1.148"
"study17","6","eight_mt32_local","1.715"
"study17","6","medium_x64_default","1.125"
"study17","6","medium_x64_local","1.149"
"study17","6","medium_mt32_local","1.783"
"study17","6","full32_x64_local","1.051"
"study17","6","full32_mt32_local","1.538"
"study17","6","full64_x64_local","0.733"
"study17","6","full64_mt32_local","4.578"
"study_native","6","raw_x64_local","0.744"
"study_native","6","raw_x32_local","0.735"
"study_native","6","raw_mt32_local","1.139"
"study_native","6","raw_mt64_local","1.315"
"study_native","6","raw_x64_default","0.729"
"study_native","6","raw_x64_cached","0.792"
"study_native","6","six_x64_default","1.227"
"study_native","6","six_x64_cached","1.101"
"study_native","6","six_x64_local","1.107"
"study_native","6","six_x64_std_local","1.111"
"study_native","6","six_x64_dist_reuse","1.351"
"study_native","6","six_x64_lemire_local","1.108"
"study_native","6","six_x64_high32","1.078"
"study_native","6","six_x32_local","0.978"
"study_native","6","six_mt32_std_local","1.317"
"study_native","6","six_mt64_std_local","1.688"
"study_native","6","six_mt32_randx_local","1.324"
"study_native","6","six_mt32_static","1.474"
"study_native","6","six_mt32_tls","1.794"
"study_native","6","six_x64_other_static","1.354"
"study_native","6","six_x64_other_tls","1.22"
"study_native","6","runtime_x64_default","1.503"
"study_native","6","runtime_x64_local","1.6"
"study_native","6","runtime_x64_std_local","1.469"
"study_native","6","runtime_x64_dist_reuse","1.41"
"study_native","6","runtime_x64_lemire","1.096"
"study_native","6","runtime_x64_high32","1.515"
"study_native","6","runtime_mt32_local","1.522"
"study_native","6","runtime_mt32_static","1.616"
"study_native","6","eight_x64_default","1.133"
"study_native","6","eight_x64_local","1.099"
"study_native","6","eight_mt32_local","1.225"
"study_native","6","medium_x64_default","1.226"
"study_native","6","medium_x64_local","1.094"
"study_native","6","medium_mt32_local","1.459"
"study_native","6","full32_x64_local","1.173"
"study_native","6","full32_mt32_local","1.053"
"study_native","6","full64_x64_local","0.733"
"study_native","6","full64_mt32_local","3.7"
